Unnamed: 0,date,endpoint_type,backend,label,model_id,tokenizer_id,num_prompts,request_rate,burstiness,max_concurrency,duration,completed,failed,total_input_tokens,total_output_tokens,request_throughput,request_goodput,output_throughput,total_token_throughput,max_output_tokens_per_s,max_concurrent_requests,rtfx,mean_ttft_ms,median_ttft_ms,std_ttft_ms,p99_ttft_ms,mean_tpot_ms,median_tpot_ms,std_tpot_ms,p99_tpot_ms,mean_itl_ms,median_itl_ms,std_itl_ms,p99_itl_ms,mean_e2el_ms,median_e2el_ms,std_e2el_ms,p99_e2el_ms,run_number,max-concurrency,random-input-len,random-output-len,num-prompts,sweep,x_value
0,20260809-182324,vllm,vllm,,Qwen/Qwen2.5-3B-Instruct,Qwen/Qwen2.5-3B-Instruct,300,inf,1.0,1,1475.2530820899992,300,0,307200,153600,0.2033549386488915,,104.11772858823248,312.35318576469746,109.0,2,0.0,78.90338643662592,78.94390450019273,3.85568829138336,83.27986345911995,9.468481313874785,9.46121332191886,0.0631702756640007,9.658185012582916,9.468481740684794,9.313531499174132,0.5313393512010501,11.428226181087672,4917.29733782664,4913.722907000192,32.591523774240095,5015.819073119528,0,1,1024,512,300,concurrency,1
1,20260809-184637,vllm,vllm,,Qwen/Qwen2.5-3B-Instruct,Qwen/Qwen2.5-3B-Instruct,300,inf,1.0,1,1486.3436032520003,300,0,307200,153600,0.2018375827390275,,103.34084236238212,310.0225270871464,109.0,2,0.0,79.64732304326996,79.447502000221,4.1228342427590965,86.05759329962893,9.539361846725305,9.491861203522427,0.181702793149024,10.10915319790578,9.539362277390564,9.348166999188834,0.599948987664413,11.639889379985108,4954.2612267199,4928.933023999889,94.1584225846005,5249.7210674799135,1,1,1024,512,300,concurrency,1
2,20260809-190943,vllm,vllm,,Qwen/Qwen2.5-3B-Instruct,Qwen/Qwen2.5-3B-Instruct,300,inf,1.0,1,1478.4501673729992,300,0,307200,153600,0.2029151922875144,,103.89257845120738,311.6777353536221,109.0,2,0.0,77.97335186330506,77.84367900057987,4.06491056717622,86.66862346035487,9.491161980671947,9.461904251465452,0.1580242202428265,10.175447867594883,9.491162424122734,9.322596999481902,0.5572856952383269,11.489952149950115,4927.957123986671,4913.623514500614,82.0005554484511,5281.39675291055,2,1,1024,512,300,concurrency,1
3,20260809-192201,vllm,vllm,,Qwen/Qwen2.5-3B-Instruct,Qwen/Qwen2.5-3B-Instruct,300,inf,1.0,2,779.0858866650015,300,0,307200,153600,0.3850666597032026,,197.15412976803972,591.4623893041193,206.0,4,0.0,112.11796635664844,90.01804299896321,30.70812514783243,147.20730935074243,9.944464646823077,9.951434298434908,0.0920535624184042,10.112687807768111,9.944465151004533,9.795339499760304,1.9321182853406056,11.40939699007504,5193.739400883242,5194.752059999701,36.65314133734566,5252.584993149358,0,2,1024,512,300,concurrency,2
4,20260809-193418,vllm,vllm,,Qwen/Qwen2.5-3B-Instruct,Qwen/Qwen2.5-3B-Instruct,300,inf,1.0,2,779.3839754960009,300,0,307200,153600,0.3849193843241127,,197.0787247739457,591.2361743218371,208.0,4,0.0,111.69965719993344,90.25019150067236,31.049574508587806,147.26842427076917,9.949145466086152,9.954413206458293,0.0856749039103774,10.105602833111456,9.9491457996738,9.7998679993907,1.9320041616102936,11.413533207378356,5195.712990369957,5193.101547001788,31.87451721267654,5247.19533277068,1,2,1024,512,300,concurrency,2
5,20260809-194632,vllm,vllm,,Qwen/Qwen2.5-3B-Instruct,Qwen/Qwen2.5-3B-Instruct,300,inf,1.0,2,747.7762728590023,300,0,307200,153600,0.4011895146833132,,205.4090315178564,616.2270945535691,228.0,4,0.0,107.74905550995754,91.01670449854282,29.902314681895906,145.3771498384231,9.544513433750993,9.525561767123582,0.3359279949094105,10.083137936869909,9.544513752531008,9.523648499452976,1.888831144980228,11.126854508183898,4984.995420156713,4970.749762500418,171.4055473879535,5237.405842199587,2,2,1024,512,300,concurrency,2
6,20260809-195258,vllm,vllm,,Qwen/Qwen2.5-3B-Instruct,Qwen/Qwen2.5-3B-Instruct,300,inf,1.0,4,369.80173980499967,300,0,307200,153600,0.8112455072769348,,415.3576997257906,1246.073099177372,472.0,8,0.0,152.39277741688662,163.06846750012485,46.68673354987798,214.01860493675483,9.350308811376149,9.346702990216311,0.1359448553912586,9.681119960508711,9.350309094253037,9.123594500124454,3.281112034431482,10.748890071299696,4930.400580030097,4930.072409499189,52.87922825781624,5045.441118399685,0,4,1024,512,300,concurrency,4
7,20260809-195926,vllm,vllm,,Qwen/Qwen2.5-3B-Instruct,Qwen/Qwen2.5-3B-Instruct,300,inf,1.0,4,369.9576473170018,300,0,307200,153600,0.8109036322823787,,415.1826597285779,1245.5479791857338,444.0,8,0.0,152.40691970668803,164.36543399868242,46.43150086486584,207.1441396706723,9.354320691161009,9.317042418785949,0.0924413155220867,9.523152323657598,9.354321001480884,9.087452999665402,3.2688273863650275,10.653556409961322,4932.464792889962,4934.066271500342,11.269648010220967,4955.5093463706,1,4,1024,512,300,concurrency,4
8,20260809-200554,vllm,vllm,,Qwen/Qwen2.5-3B-Instruct,Qwen/Qwen2.5-3B-Instruct,300,inf,1.0,4,369.94837782600007,300,0,307200,153600,0.8109239504250528,,415.1930626176271,1245.5791878528812,440.0,8,0.0,152.46244994672452,165.25654950055468,46.45884693771859,206.0562728016157,9.35399992482063,9.316926287674988,0.0923370527576474,9.51946021573461,9.354000221500364,9.088536500712507,3.2678789498754672,10.71555007958523,4932.356411530066,4932.841312000164,11.332385833340032,4953.169907399242,2,4,1024,512,300,concurrency,4
9,20260809-200929,vllm,vllm,,Qwen/Qwen2.5-3B-Instruct,Qwen/Qwen2.5-3B-Instruct,300,inf,1.0,8,202.0213094430001,300,0,307200,153600,1.4849918596564906,,760.3158321441232,2280.947496432369,864.0,16,0.0,191.6369505466961,197.60401500025185,65.75222121942154,433.7209986631205,10.0432288760468,10.042402659491714,0.1429760666978159,10.280411007754363,10.043229059295568,9.40708850066585,5.840564470443039,12.073795688993435,5323.726906206612,5327.540898000734,49.43474946761026,5394.434288908342,0,8,1024,512,300,concurrency,8
10,20260809-201304,vllm,vllm,,Qwen/Qwen2.5-3B-Instruct,Qwen/Qwen2.5-3B-Instruct,300,inf,1.0,8,202.11464231400169,300,0,307200,153600,1.4843061173862178,,759.9647321017435,2279.8941963052303,856.0,16,0.0,191.62997104004413,197.87561150224064,65.68886744933688,432.8409961475699,10.048441045087872,10.05063976907772,0.146634150089645,10.282530324262648,10.048441258199434,9.411767498022527,5.838246992484955,12.227979110975928,5326.383345079946,5331.465591498272,50.8550558377644,5392.21790048894,1,8,1024,512,300,concurrency,8
11,20260809-201639,vllm,vllm,,Qwen/Qwen2.5-3B-Instruct,Qwen/Qwen2.5-3B-Instruct,300,inf,1.0,8,202.17594035599905,300,0,307200,153600,1.4838560882751362,,759.7343171968697,2279.202951590609,856.0,16,0.0,188.6158829165652,198.10164499904204,61.728798107145664,392.3485170714772,10.057220747201596,10.049802728963456,0.1363291185534084,10.276930667710491,10.05722094022822,9.413571500772376,5.860469801580468,12.244162288625402,5327.855684736581,5331.513443499716,49.1045457252408,5404.629524228949,2,8,1024,512,300,concurrency,8
12,20260809-201848,vllm,vllm,,Qwen/Qwen2.5-3B-Instruct,Qwen/Qwen2.5-3B-Instruct,300,inf,1.0,16,115.85973807499975,300,0,307200,153600,2.589337806078936,,1325.740956712415,3977.2228701372446,1616.0,32,0.0,274.3046059833917,208.27448350064515,138.7657521533117,884.4537425015733,11.417474227305547,11.540425446180716,0.2787708038569588,11.810268618293042,11.417474395544316,10.006958498706808,10.052154233150066,69.4702616799259,6108.633936136527,6120.049438999558,132.98767129732968,6543.441282949643,0,16,1024,512,300,concurrency,16
13,20260809-202057,vllm,vllm,,Qwen/Qwen2.5-3B-Instruct,Qwen/Qwen2.5-3B-Instruct,300,inf,1.0,16,115.85420644799888,300,0,307200,153600,2.58946143776536,,1325.8042561358643,3977.412768407593,1616.0,32,0.0,274.43566290983046,208.53837600043332,139.695338731638,891.1353663111731,11.417005156673422,11.555945147747854,0.2875272044138474,11.8177415106624,11.417005316555828,10.00798300083261,10.0439541135815,69.26726312962275,6108.525297969948,6123.20740550058,136.72421476787312,6544.2020054607565,1,16,1024,512,300,concurrency,16
14,20260809-202306,vllm,vllm,,Qwen/Qwen2.5-3B-Instruct,Qwen/Qwen2.5-3B-Instruct,300,inf,1.0,16,115.90605249699728,300,0,307200,153600,2.588303143252781,,1325.211209345424,3975.633628036273,1616.0,32,0.0,274.15513815009035,208.77891249801905,139.17386658281382,892.7658243600672,11.42238466262869,11.55093950978302,0.2814702375294959,11.821987879649964,11.42238489498362,10.010571000748314,10.033012938346763,69.25027153989505,6110.993700753352,6126.781118498911,134.0651499637059,6563.573770749244,2,16,1024,512,300,concurrency,16
15,20260809-202435,vllm,vllm,,Qwen/Qwen2.5-3B-Instruct,Qwen/Qwen2.5-3B-Instruct,300,inf,1.0,32,75.4055771639978,300,0,307200,153600,3.978485561453062,,2036.984607463968,6110.953822391904,2912.0,51,0.0,468.9732737498465,389.3988504987647,314.0401575088922,1884.9850990405675,14.154504485910168,14.257982983367947,0.7934890518134049,14.937893364033302,14.154504656816668,11.175199999343022,17.375711974957152,128.73252877776395,7701.925066049941,7734.761760000765,523.0791721674848,9145.714263640364,0,32,1024,512,300,concurrency,32
16,20260809-202603,vllm,vllm,,Qwen/Qwen2.5-3B-Instruct,Qwen/Qwen2.5-3B-Instruct,300,inf,1.0,32,75.42684182999801,300,0,307200,153600,3.977363929357665,,2036.4103318311245,6109.2309954933735,2942.0,52,0.0,459.0664465500716,388.6689310002112,308.79051442485087,1912.4293912910437,14.176529261617556,14.27100419471495,0.7878670293712715,14.945627792755309,14.176529427175442,11.186748000909574,17.272239017573234,128.28538712852605,7703.272899236642,7736.396469001193,515.6510192428042,9181.938562043288,1,32,1024,512,300,concurrency,32
17,20260809-202732,vllm,vllm,,Qwen/Qwen2.5-3B-Instruct,Qwen/Qwen2.5-3B-Instruct,300,inf,1.0,32,75.4371202580005,300,0,307200,153600,3.976822007176015,,2036.13286767412,6108.39860302236,2912.0,52,0.0,459.5596300632921,388.0009684999095,311.4087169728221,1925.1025918093728,14.17914950716265,14.281505567516518,0.7935555611960983,14.94799559571318,14.17914967755383,11.190318000444677,17.25180798753919,128.05253161772274,7705.105028223406,7738.482168999326,519.4763593125185,9190.183162541109,2,32,1024,512,300,concurrency,32
18,20260809-202841,vllm,vllm,,Qwen/Qwen2.5-3B-Instruct,Qwen/Qwen2.5-3B-Instruct,320,inf,1.0,64,55.51734452700112,320,0,327680,163840,5.763964446180716,,2951.1497964445266,8853.44938933358,4928.0,80,0.0,800.9087878218224,543.1233160015836,855.0626934731758,4009.700906769649,20.087647192257773,20.793826339528227,1.7520086977818954,21.46873696646084,20.08764735223807,13.467102000504385,27.4026004865964,140.52614822008763,11065.696503065545,11118.75819749912,1305.6103378694545,14587.185028891618,0,64,1024,512,320,concurrency,64
19,20260809-202949,vllm,vllm,,Qwen/Qwen2.5-3B-Instruct,Qwen/Qwen2.5-3B-Instruct,320,inf,1.0,64,55.45547324400104,320,0,327680,163840,5.770395260933354,,2954.442373597877,8863.32712079363,4928.0,80,0.0,801.6642279343387,547.7462375019968,856.7078391528904,4003.686945828085,20.0625104486549,20.77441754598668,1.7414731698034989,21.40429905144988,20.06251060546124,13.474629498887223,27.39437125910932,140.3102153876534,11053.607067196992,11125.039005000872,1298.3454665163406,14567.643618579024,1,64,1024,512,320,concurrency,64
20,20260809-203058,vllm,vllm,,Qwen/Qwen2.5-3B-Instruct,Qwen/Qwen2.5-3B-Instruct,320,inf,1.0,64,55.53573355400295,320,0,327680,163840,5.762055878650311,,2950.172609868959,8850.517829606877,4928.0,80,0.0,803.2051872718171,547.3721510006726,857.4882022610076,4013.819550908375,20.09029436486055,20.79176690019361,1.744742009341625,21.470005186600574,20.090294524963053,13.477899999998044,27.47718823278566,140.6323495995457,11069.34560771556,11135.737505499492,1300.4150323657962,14580.272077839254,2,64,1024,512,320,concurrency,64
21,20260809-203252,vllm,vllm,,Qwen/Qwen2.5-3B-Instruct,Qwen/Qwen2.5-3B-Instruct,640,inf,1.0,128,99.34705672999915,640,0,655360,327680,6.44206301691818,,3298.336264662108,9895.008793986324,7105.0,141,0.0,1389.8523811358586,681.9559460000164,1916.032349803086,8640.175880169883,35.98730594878299,38.23850713698447,4.693971283322312,38.88660126377846,35.98730610353468,19.112228499579945,47.03548900360462,178.21456682966527,19779.365720963968,20216.816162001123,3214.3992809152624,27874.63112165952,0,128,1024,512,640,concurrency,128
22,20260809-203445,vllm,vllm,,Qwen/Qwen2.5-3B-Instruct,Qwen/Qwen2.5-3B-Instruct,640,inf,1.0,128,99.70714616799889,640,0,655360,327680,6.418797695018261,,3286.4244198493498,9859.273259548048,7168.0,142,0.0,1402.85171268755,679.1465464993962,1942.9111930655256,8781.594730839208,36.10025022815238,38.14866124070492,4.724320572523105,39.00750561988203,36.10025037896297,19.189993499821867,47.11857665994766,178.9770860888893,19850.07957927342,20287.445614001623,3281.1692445314247,28172.16702815884,1,128,1024,512,640,concurrency,128
23,20260809-203639,vllm,vllm,,Qwen/Qwen2.5-3B-Instruct,Qwen/Qwen2.5-3B-Instruct,640,inf,1.0,128,99.8421869449994,640,0,655360,327680,6.4101159998885056,,3281.979391942915,9845.938175828744,7168.0,141,0.0,1395.1602059311997,678.0655340007797,1936.2768478222272,8712.847719719977,36.16407227932674,38.35688674265975,4.744037270109172,39.02987457540272,36.16407244187558,19.10720849809877,47.227913622737226,179.0503202596301,19875.00114066717,20305.41882649959,3260.717066003462,28107.212340999653,2,128,1024,512,640,concurrency,128
0,20260809-203850,vllm,vllm,,Qwen/Qwen2.5-3B-Instruct,Qwen/Qwen2.5-3B-Instruct,300,inf,1.0,16,47.475245992001874,300,0,38400,76800,6.319082581489748,,1617.6851408613754,2426.527711292063,1744.0,32,0.0,97.05096483003824,115.4954124995129,34.70972727271845,141.95528922082303,9.418064147202196,9.360140870593764,0.1290558843614305,9.67824341921026,9.418064584235063,9.223848001056467,2.505516419067382,11.301921399826824,2498.6573223665982,2500.3752220000024,17.32540159180561,2535.5449206304183,0,16,128,256,300,input_length,128
1,20260809-203947,vllm,vllm,,Qwen/Qwen2.5-3B-Instruct,Qwen/Qwen2.5-3B-Instruct,300,inf,1.0,16,47.523575539999,300,0,38400,76800,6.312656330908857,,1616.0400207126677,2424.060031069001,1744.0,32,0.0,95.76411820669212,120.1596735008934,37.58086674791487,148.0281708385519,9.432578742928122,9.34518478627747,0.1374501080744,9.690217640953264,9.432579156915036,9.225544001310482,2.50148623230881,11.28484297918475,2501.071697653364,2499.8062574995856,15.09500162649995,2537.743762020582,1,16,128,256,300,input_length,128
2,20260809-204044,vllm,vllm,,Qwen/Qwen2.5-3B-Instruct,Qwen/Qwen2.5-3B-Instruct,300,inf,1.0,16,47.50411669399909,300,0,38400,76800,6.315242149064044,,1616.701990160395,2425.052985240593,1744.0,32,0.0,98.75421384988536,120.6762144993263,38.38848998181172,148.70320391102723,9.417236275072284,9.331197611761894,0.139851545338048,9.67921199643295,9.417236673764751,9.232858999894232,2.5154714957701856,11.072063198262184,2500.1494639933176,2498.605642998882,18.2850705400182,2545.175385741095,2,16,128,256,300,input_length,128
3,20260809-204150,vllm,vllm,,Qwen/Qwen2.5-3B-Instruct,Qwen/Qwen2.5-3B-Instruct,300,inf,1.0,16,55.555448495000746,300,0,153600,76800,5.400010406305982,,1382.402664014331,4147.207992042993,1680.0,32,0.0,237.5602421733614,255.19229550081943,85.00700847693331,478.5312007289031,10.549833818287356,10.426132388231196,0.3320412535191961,11.29454531655039,10.549834180130668,9.565419999489675,8.541819489171004,39.52457510007662,2927.767865836637,2932.200382498195,45.127933388245474,3069.331258628736,0,16,512,256,300,input_length,512
4,20260809-204256,vllm,vllm,,Qwen/Qwen2.5-3B-Instruct,Qwen/Qwen2.5-3B-Instruct,300,inf,1.0,16,55.54981593699995,300,0,153600,76800,5.40055794856702,,1382.542834833157,4147.628504499471,1680.0,32,0.0,237.87254199335925,276.8639140012965,81.31867486834605,478.8612924101835,10.546263014861944,10.412279515688116,0.3174478236163747,11.288160750508029,10.546263352797077,9.555945000101929,8.66344533281197,62.22590269306237,2927.1696107831544,2931.9983565001166,43.40605518819397,3068.9726014082407,1,16,512,256,300,input_length,512
5,20260809-204401,vllm,vllm,,Qwen/Qwen2.5-3B-Instruct,Qwen/Qwen2.5-3B-Instruct,300,inf,1.0,16,55.58333241199944,300,0,153600,76800,5.397301438789508,,1381.709168330114,4145.127504990342,1680.0,32,0.0,235.01860150676904,252.48995299989477,85.84655627434739,478.53253005971055,10.56569544958159,10.500847656872152,0.3390494799184343,11.302261492662591,10.565696055882428,9.56669350125594,8.409951036398054,38.77313496930575,2929.270941150074,2935.12773799921,44.29981277098698,3061.709354702361,2,16,512,256,300,input_length,512
6,20260809-204518,vllm,vllm,,Qwen/Qwen2.5-3B-Instruct,Qwen/Qwen2.5-3B-Instruct,300,inf,1.0,16,66.12190216900126,300,0,307200,76800,4.537074557129779,,1161.4910866252235,5807.455433126118,1616.0,32,0.0,272.7490223998878,206.92316700115043,140.45100082619723,894.4524027090665,12.618050733725896,12.857198058832983,0.5355680931400876,13.393363543459548,12.618051092562382,9.887270998660824,14.004970265911284,70.11437259174272,3490.351959499992,3500.37029199666,129.560671678685,3952.2101866511366,0,16,1024,256,300,input_length,1024
7,20260809-204635,vllm,vllm,,Qwen/Qwen2.5-3B-Instruct,Qwen/Qwen2.5-3B-Instruct,300,inf,1.0,16,66.11902456799726,300,0,307200,76800,4.537272017548867,,1161.54163649251,5807.708182462549,1616.0,32,0.0,272.6030737498392,207.31510699988576,139.7840906195735,892.0458515198334,12.617906998771623,12.867425039218563,0.5366415143440375,13.420774146507885,12.617907366222031,9.888510501696146,13.99054755263981,70.8355463104817,3490.169358436603,3502.0004819980386,128.08837138555074,3942.772862990969,1,16,1024,256,300,input_length,1024
8,20260809-204752,vllm,vllm,,Qwen/Qwen2.5-3B-Instruct,Qwen/Qwen2.5-3B-Instruct,300,inf,1.0,16,66.07789933700042,300,0,307200,76800,4.540095902110716,,1162.2645509403433,5811.322754701717,1632.0,31,0.0,282.21551590654906,207.3342035018868,141.88687143299776,822.0772778307571,12.571984326888687,12.729932549015812,0.5435654169911784,13.392607208150617,12.571984681920464,9.878156499325996,14.134625667970068,70.9351751003123,3488.071519263164,3499.525323999478,130.29221566715728,3887.5881971699696,2,16,1024,256,300,input_length,1024
9,20260809-204933,vllm,vllm,,Qwen/Qwen2.5-3B-Instruct,Qwen/Qwen2.5-3B-Instruct,300,inf,1.0,16,89.15668133000145,300,0,614400,76800,3.3648627957515647,,861.4048757124006,7752.643881411605,1504.0,26,0.0,516.7977978000272,525.953540500268,218.72604472169152,1720.6568910888734,16.46574157027432,16.466304890191704,0.9044874359309002,17.873728196854405,16.465741939947275,10.615770501317456,25.6700934259736,132.706100060459,4715.5618982199785,4723.787712000558,290.36231150170505,5914.629562639492,0,16,2048,256,300,input_length,2048
10,20260809-205114,vllm,vllm,,Qwen/Qwen2.5-3B-Instruct,Qwen/Qwen2.5-3B-Instruct,300,inf,1.0,16,89.09124206900015,300,0,614400,76800,3.3673343533324345,,862.0375944531032,7758.338350077929,1504.0,26,0.0,515.9104973599703,524.7390885015193,217.20381593766504,1710.4134278783374,16.455280781346683,16.45498811959959,0.9022579768840178,17.841611737873023,16.455281181608427,10.615272500217545,25.651760402780752,132.6761170421014,4712.007096603375,4717.57879499819,288.65220281496016,5899.18414246982,1,16,2048,256,300,input_length,2048
11,20260809-205255,vllm,vllm,,Qwen/Qwen2.5-3B-Instruct,Qwen/Qwen2.5-3B-Instruct,300,inf,1.0,16,89.12458796400097,300,0,614400,76800,3.366074467813253,,861.7150637601927,7755.435573841734,1504.0,26,0.0,516.8882740064388,525.8610030014097,218.28489612015008,1719.0311517409998,16.458899667818013,16.455677639211952,0.9066131299953376,17.8541740137743,16.45890007567381,10.608091000904096,25.66667701569728,132.72438566917117,4713.907689300031,4720.712853499208,291.29191067210985,5917.685009891756,2,16,2048,256,300,input_length,2048
12,20260809-205528,vllm,vllm,,Qwen/Qwen2.5-3B-Instruct,Qwen/Qwen2.5-3B-Instruct,300,inf,1.0,16,139.0946121900015,300,0,1228800,76800,2.1568053232011875,,552.142162739504,9386.416766571569,1344.0,21,0.0,805.5584594567821,718.8333925005281,462.2317046103561,3497.724967899955,25.75780929360793,26.158430225490623,2.00309443077874,27.6864684361272,25.75780972537258,11.975657500443049,40.1925930338755,149.46843573870865,7373.799829326806,7390.969760501321,692.460124415297,10176.494004320117,0,16,4096,256,300,input_length,4096
13,20260809-205801,vllm,vllm,,Qwen/Qwen2.5-3B-Instruct,Qwen/Qwen2.5-3B-Instruct,300,inf,1.0,16,139.09123319600258,300,0,1228800,76800,2.156857719258628,,552.1555761302086,9386.644794213546,1344.0,21,0.0,838.5192941666901,724.0167420022772,455.9501611979975,3495.539734468509,25.62718150381689,26.05299900784374,1.9692084192953236,27.22830228771736,25.62718185639172,11.996955998256452,40.03196541546136,149.40211818695389,7373.4505776399965,7395.052170501003,694.5500692121311,10162.965006560731,1,16,4096,256,300,input_length,4096
14,20260809-210034,vllm,vllm,,Qwen/Qwen2.5-3B-Instruct,Qwen/Qwen2.5-3B-Instruct,300,inf,1.0,16,139.07270245900145,300,0,1228800,76800,2.1571451096841945,,552.2291480791538,9387.895517345614,1344.0,21,0.0,830.0861271564645,720.7434675001423,459.058403313309,3506.101433980727,25.656536440405244,26.12973329215653,1.9749043364735104,27.242398076345484,25.65653680985593,11.995395499980075,40.06885692185303,149.44745417044032,7372.502919459803,7391.949343500528,691.2965171293454,10174.451198589955,2,16,4096,256,300,input_length,4096
0,20260809-210159,vllm,vllm,,Qwen/Qwen2.5-3B-Instruct,Qwen/Qwen2.5-3B-Instruct,300,inf,1.0,16,27.25665280899921,300,0,76800,38400,11.006487190567668,,1408.8303603926615,4226.491081177985,1712.0,32,0.0,172.75807682993522,150.90081749985984,62.8099223888764,258.61261935016955,9.938674359290944,10.055768708663502,0.4890900547191119,11.011398919774908,9.938675627532367,9.312607999163449,7.03450823421605,11.69781859745854,1434.9697204598851,1437.332672501725,17.940120088922598,1475.2463542110854,0,16,256,128,300,output_length,128
1,20260809-210235,vllm,vllm,,Qwen/Qwen2.5-3B-Instruct,Qwen/Qwen2.5-3B-Instruct,300,inf,1.0,16,27.31122836899885,300,0,76800,38400,10.98449311567882,,1406.015118806889,4218.045356420666,1712.0,32,0.0,171.56540857009531,141.53186650037242,55.38786588773269,253.2383514112735,9.971781130156344,10.154939354332615,0.432538870106494,11.044333922521426,9.971781888161404,9.318268501374405,6.927311798243893,20.420266119072053,1437.9816120999508,1441.2115690010978,17.783810078662743,1454.341210737366,1,16,256,128,300,output_length,128
2,20260809-210311,vllm,vllm,,Qwen/Qwen2.5-3B-Instruct,Qwen/Qwen2.5-3B-Instruct,300,inf,1.0,16,27.26344593199974,300,0,76800,38400,11.003744748490616,,1408.479327806799,4225.437983420396,1712.0,32,0.0,172.48866455651296,148.77700849865505,62.67029373845609,249.41179302910317,9.943533400340815,10.077175015758831,0.4893306885236446,11.019105631491165,9.943534123175503,9.32485550038109,7.0523694894000215,11.88787820108701,1435.3174063997965,1438.9034070009077,16.16483158674413,1452.7867577125653,2,16,256,128,300,output_length,128
3,20260809-210411,vllm,vllm,,Qwen/Qwen2.5-3B-Instruct,Qwen/Qwen2.5-3B-Instruct,300,inf,1.0,16,50.20248744600031,300,0,76800,76800,5.975799512378572,,1529.8046751689144,3059.609350337829,1712.0,32,0.0,168.79785054995105,162.90146199935407,62.66936955408903,249.40743702794865,9.70195632938546,9.7411902411741,0.2473318484149609,10.232974374382904,9.701956807437703,9.34617100028845,4.8210077640135145,11.179589241728529,2642.796714543244,2647.216057499463,19.297577233014582,2658.325880211123,0,16,256,256,300,output_length,256
4,20260809-210512,vllm,vllm,,Qwen/Qwen2.5-3B-Instruct,Qwen/Qwen2.5-3B-Instruct,300,inf,1.0,16,50.44087890499941,300,0,76800,76800,5.947556952070986,,1522.5745797301724,3045.149159460345,1712.0,32,0.0,170.34903926340726,149.44101499895623,56.59092111035183,255.13066301995423,9.744442626823451,9.8118952960766,0.2246833909674428,10.302501387183248,9.744443943842924,9.381281999594648,4.556223183091298,11.432773196647757,2655.181909103388,2654.695207000259,22.966297324582328,2690.6198917916845,1,16,256,256,300,output_length,256
5,20260809-210612,vllm,vllm,,Qwen/Qwen2.5-3B-Instruct,Qwen/Qwen2.5-3B-Instruct,300,inf,1.0,16,50.224753047001286,300,0,76800,76800,5.973150325283914,,1529.126483272682,3058.252966545364,1712.0,32,0.0,169.05292910008333,162.614050999764,63.01812597349005,253.6970237211426,9.70517472325446,9.742829621573753,0.2475226116467848,10.241824263143988,9.705175041293938,9.343415998955606,4.840240821653548,11.199133680893285,2643.8724835299704,2648.3167159985896,19.27767886667281,2658.589288261719,2,16,256,256,300,output_length,256
6,20260809-210802,vllm,vllm,,Qwen/Qwen2.5-3B-Instruct,Qwen/Qwen2.5-3B-Instruct,300,inf,1.0,16,96.89649559600002,300,0,76800,153600,3.096087202687073,,1585.1966477757817,2377.794971663672,1712.0,32,0.0,167.41762195681076,189.08358500084432,60.95273608410277,250.1398211099513,9.655278417677756,9.623562539137271,0.1255822064538032,9.921989972153575,9.65527859720788,9.44916899970849,3.240573376448,11.208006912092973,5101.264893390144,5108.519436500501,27.79533285586652,5120.467675608634,0,16,256,512,300,output_length,512
7,20260809-210951,vllm,vllm,,Qwen/Qwen2.5-3B-Instruct,Qwen/Qwen2.5-3B-Instruct,300,inf,1.0,16,96.97293777100276,300,0,76800,153600,3.093646607968468,,1583.9470632798557,2375.920594919783,1712.0,32,0.0,169.41481697671406,147.8318825011229,56.01582213549944,248.6868233209316,9.658594898838658,9.706956136985896,0.1170797013815591,9.9312918879471,9.658595090619729,9.451202498894418,3.210875860090436,11.219577331612529,5104.956810283268,5110.609054499946,31.023709546781404,5127.801415228751,1,16,256,512,300,output_length,512
8,20260809-211140,vllm,vllm,,Qwen/Qwen2.5-3B-Instruct,Qwen/Qwen2.5-3B-Instruct,300,inf,1.0,16,96.95134065499953,300,0,76800,153600,3.094335756196991,,1584.299907172859,2376.449860759289,1712.0,32,0.0,174.39743486986117,139.920734001862,58.61911364917022,251.78216435189827,9.646271561246012,9.692023529352412,0.1194389379759254,9.92528072035222,9.646271749445772,9.45061249876744,3.4242388330200595,11.165732301378757,5103.642202666572,5107.786025497262,27.870521882375677,5124.031868599122,2,16,256,512,300,output_length,512
9,20260809-211513,vllm,vllm,,Qwen/Qwen2.5-3B-Instruct,Qwen/Qwen2.5-3B-Instruct,300,inf,1.0,16,195.71369900100035,300,0,76800,307200,1.532851310517955,,1569.639741970386,1962.0496774629823,1712.0,32,0.0,177.5782351366676,161.2411139994947,63.89496394379509,255.1353279116665,9.89494972583918,9.888058330891296,0.1199326938564805,10.189734891945903,9.894949813297588,9.722753498863312,2.634039418983342,11.690827578822793,10300.111804670149,10294.712894499751,108.83068207464362,10530.76303677055,0,16,256,1024,300,output_length,1024
10,20260809-211845,vllm,vllm,,Qwen/Qwen2.5-3B-Instruct,Qwen/Qwen2.5-3B-Instruct,300,inf,1.0,16,195.35391098800028,300,0,76800,307200,1.535674399773996,,1572.530585368572,1965.663231710715,1696.0,32,0.0,170.04212474659047,178.30329800017353,62.39197623571879,263.1197044216606,9.887602428598887,9.846927900293284,0.1713097081189133,10.330853480656463,9.88760252292932,9.716270500575774,2.3893760934849317,11.627267130716069,10285.059409203252,10206.154586501723,168.44349169934654,10654.510714617429,1,16,256,1024,300,output_length,1024
11,20260809-212216,vllm,vllm,,Qwen/Qwen2.5-3B-Instruct,Qwen/Qwen2.5-3B-Instruct,300,inf,1.0,16,193.48259347600103,300,0,76800,307200,1.5505270764173988,,1587.7397262514164,1984.6746578142704,1712.0,32,0.0,177.21695682338273,147.7269460010575,59.82688546187718,268.61860054974386,9.783614380707084,9.765458885141935,0.1369430354712298,10.124099095345017,9.783614501661784,9.64581550033472,2.4902727027437983,11.416759182284297,10185.85446828673,10135.88780899954,138.6621552911444,10513.118767338749,2,16,256,1024,300,output_length,1024
12,20260809-212925,vllm,vllm,,Qwen/Qwen2.5-3B-Instruct,Qwen/Qwen2.5-3B-Instruct,300,inf,1.0,16,402.2369125699988,300,0,76800,614400,0.7458291137012266,,1527.458024860112,1718.3902779676262,1712.0,32,0.0,177.82000574659227,154.46781999889936,54.7920296430655,250.3717346417397,10.257764698785213,10.258326834390957,0.1215654400894714,10.466433837630753,10.25776474810945,10.15727599951788,1.889784789094224,12.196030158011126,21175.46434415992,21197.58354950136,245.29393240842003,21526.531393797668,0,16,256,2048,300,output_length,2048
13,20260809-213626,vllm,vllm,,Qwen/Qwen2.5-3B-Instruct,Qwen/Qwen2.5-3B-Instruct,300,inf,1.0,16,394.7617681340016,300,0,76800,614400,0.7599520121162422,,1556.381720814064,1750.929435915822,1712.0,32,0.0,172.17591283337242,148.58446000107506,55.31264369319945,254.60599411781004,10.0681189620045,10.068753829017494,0.0571355805259694,10.183182709272195,10.068119008742862,10.000513999329996,1.700166990737403,11.823919097405453,20781.615428056582,20758.12955749825,110.79106127126836,20984.551453758868,1,16,256,2048,300,output_length,2048
14,20260809-214511,vllm,vllm,,Qwen/Qwen2.5-3B-Instruct,Qwen/Qwen2.5-3B-Instruct,300,inf,1.0,16,492.90504950800096,300,0,76800,614400,0.6086364915503474,,1246.4875346951114,1402.2984765320004,1520.0,32,0.0,225.31981640669983,203.52701649972005,86.35967129210142,404.6282383206926,12.571377231257149,12.356023635076529,0.7116145807915183,14.290553730000491,12.571377290986868,10.342587000195635,4.890709556113536,28.51705796139868,25958.929008790088,25547.88880200067,1455.0381129262375,29458.3097132012,2,16,256,2048,300,output_length,2048
15,20260809-220351,vllm,vllm,,Qwen/Qwen2.5-3B-Instruct,Qwen/Qwen2.5-3B-Instruct,300,inf,1.0,16,1060.214520202,300,0,76800,1228800,0.2829616028488665,,1159.0107252689577,1231.4488955982674,1536.0,32,0.0,245.6337225600388,266.1178030011797,90.71974595671482,434.9363382102092,13.577606954745658,13.398760972038858,0.660337777579006,14.969280018822843,13.577606978898688,11.535988000105135,5.039995804183787,30.35242000853032,55845.93420224351,55039.08620550101,2723.601231519119,61636.455358642415,0,16,256,4096,300,output_length,4096
16,20260809-222144,vllm,vllm,,Qwen/Qwen2.5-3B-Instruct,Qwen/Qwen2.5-3B-Instruct,300,inf,1.0,16,1005.646667784,300,0,76800,1228800,0.298315511412241,,1221.9003347445394,1298.269105666073,1568.0,32,0.0,220.5570163132628,216.55686750091263,77.09583599884968,389.47403291022056,12.88387634589666,12.359707815018725,0.93724722593495,15.51940028122809,12.88387636952059,11.299614499876045,4.345477973469792,28.342254130548103,52980.03065276008,50807.56284549898,3860.973640782286,63831.16864471216,1,16,256,4096,300,output_length,4096
17,20260809-223835,vllm,vllm,,Qwen/Qwen2.5-3B-Instruct,Qwen/Qwen2.5-3B-Instruct,300,inf,1.0,16,958.9240101050018,300,0,76800,1228800,0.3128506501439568,,1281.436262989647,1361.5260294265,1632.0,32,0.0,207.18246246011404,208.3574064999993,66.1060016697781,293.92989425930864,12.279381653275545,12.299574094017066,0.1021757414448021,12.409263678398371,12.279381680032568,11.109866998594953,3.582280703107563,24.48331861043698,50491.25033262347,50591.968099999576,418.1197715588335,50931.2329294176,2,16,256,4096,300,output_length,4096
